id,name,origin,temperament,description,image_url,lifespan,weight,coat_type,grooming_level,tags
breed-001,Abyssinian,Ethiopia,"Active, Energetic, Independent, Intelligent, Gentle","The Abyssinian is easy to care for, and a joy to have in your home. They're affectionate cats and love both people and other animals.",https://cdn2.thecatapi.com/images/0XYvRd7oD.jpg,14 - 15 years,7 - 10 lbs,Short,Low,"{active,energetic,intelligent,gentle}"
breed-002,Aegean,Greece,"Affectionate, Social, Intelligent, Playful, Active","Native to the Cycladic Islands of Greece, the Aegean is considered a natural breed. They are an active, social cat that loves people.",https://cdn2.thecatapi.com/images/ozEvzdVM-.jpg,9 - 12 years,7 - 10 lbs,Semi-Long,Medium,"{affectionate,social,playful,active}"
breed-003,American Bobtail,United States,"Intelligent, Interactive, Lively, Playful, Sensitive",The American Bobtail is an uncommon breed of domestic cat which was developed in the late 1960s. It is best known for its distinctive stubby tail.,https://cdn2.thecatapi.com/images/hBXicehMA.jpg,11 - 15 years,7 - 16 lbs,Medium/Long,Medium,"{intelligent,lively,playful,sensitive}"
breed-004,American Curl,United States,"Affectionate, Curious, Intelligent, Interactive, Lively, Playful, Social","The American Curl is a breed of cat characterized by its unusual ears, which curl back from the face toward the center of the back of the skull.",https://cdn2.thecatapi.com/images/xnsqonbjW.jpg,12 - 16 years,5 - 10 lbs,Short/Long,Low,"{affectionate,curious,intelligent,social}"
breed-005,American Shorthair,United States,"Active, Curious, Easy Going, Playful, Calm",The American Shorthair is a versatile and adaptable breed known for being gentle and easy-going. They make wonderful family pets.,https://cdn2.thecatapi.com/images/JFPROfGtQ.jpg,15 - 17 years,8 - 15 lbs,Short,Low,"{active,curious,easygoing,calm}"
breed-006,American Wirehair,United States,"Affectionate, Curious, Gentle, Intelligent, Reserved","The American Wirehair is a spontaneous mutation of the American Shorthair. Their dense, springy, wiry coat is their most distinctive feature.",https://consumer-cms.petfinder.com/sites/default/files/images/content/American%20Wirehair%20Cat%203.jpg,14 - 18 years,8 - 15 lbs,Wiry,Low,"{affectionate,gentle,intelligent,reserved}"
breed-007,Balinese,United States,"Affectionate, Intelligent, Playful, Social",The Balinese is a long-haired breed of domestic cat with Siamese-style point coloration and sapphire-blue eyes. They are very social and loving.,https://cdn2.thecatapi.com/images/13MkvUreZ.jpg,10 - 15 years,8 - 15 lbs,Long,Medium,"{affectionate,intelligent,playful,social}"
breed-008,Bambino,United States,"Affectionate, Lively, Friendly, Playful",The Bambino is a breed that was created as a cross between the Sphynx and the Munchkin. They are characterized by short legs and a hairless coat.,https://www.thesprucepets.com/thmb/F9y0MYWzwg_8y0mcd0XlcOxwUNU=/2121x0/filters:no_upscale():strip_icc()/peterpancakeGettyImages-638917674-ee473ffc1c3d4b65a568f9b4c1a4506b.jpg,12 - 14 years,4 - 9 lbs,Hairless,High,"{affectionate,lively,friendly,playful}"
breed-009,Bengal,United States,"Alert, Agile, Energetic, Demanding, Intelligent",The Bengal is a domesticated cat breed created from hybrids of domestic cats and the Asian leopard cat. Their wild appearance is complemented by their energetic personality.,"https://cdn.mos.cms.futurecdn.net/v2/t:0,l:420,cw:1080,ch:1080,q:80,w:1080/Uwu9iN5UXkusxNwr2Dixuh.jpg",12 - 15 years,8 - 17 lbs,Short,Low,"{alert,agile,energetic,intelligent}"
breed-010,Birman,France,"Affectionate, Active, Gentle, Social","The Birman is a domestic cat breed also called the Sacred Cat of Burma. It is distinguished by a silky coat, deep-blue eyes, and white gloves on each paw.",https://www.thesprucepets.com/thmb/D5s03LINbIYpZuiG6uvBpKrAKXk=/3500x0/filters:no_upscale():strip_icc()/GettyImages-623368786-f66c97ad6d2d494287b448415f4340a8.jpg,14 - 15 years,10 - 12 lbs,Long,Medium,"{affectionate,gentle,social,active}"
breed-011,Bombay,United States,"Affectionate, Dependable, Gentle, Intelligent, Playful","The Bombay is a type of short-haired cat developed by breeding sable Burmese and black American Shorthair cats, to produce a cat of mostly Burmese type, but with a jet-black coat.",https://www.thesprucepets.com/thmb/RnGTM5ENlWu-D4oND397jksaUCw=/1911x0/filters:no_upscale():strip_icc()/bombay-cat-full-profile-history-and-care-5202250-hero-85810f454cf84a7786e650136a10f91c.jpg,12 - 16 years,8 - 15 lbs,Short,Low,"{affectionate,gentle,intelligent,playful}"
breed-012,British Longhair,United Kingdom,"Affectionate, Gentle, Quiet, Calm","The British Longhair is a medium to large, semi-longhaired breed of cat. They are calm, gentle, and very affectionate with family.","https://img1.wsimg.com/isteam/ip/4e256fb4-245f-429e-a2fa-0fc7a894d617/IMG_0023.jpeg/:/cr=t:0%25,l:0%25,w:100%25,h:100%25/rs=w:1280",12 - 14 years,8 - 16 lbs,Long,High,"{affectionate,gentle,quiet,calm}"
breed-013,British Shorthair,United Kingdom,"Affectionate, Easy Going, Gentle, Loyal, Patient, Calm","The British Shorthair is the pedigreed version of the traditional British domestic cat, with a distinctively chunky body and dense coat. They are calm, easygoing, and very loyal.",https://cfa.org/wp-content/uploads/2024/04/2023-k07i-BabyrayBlueCheeses.webp,12 - 17 years,7 - 17 lbs,Short,Low,"{affectionate,gentle,loyal,calm}"
breed-014,Burmese,Myanmar,"Curious, Intelligent, Gentle, Social","The Burmese is a breed of domestic cat, originating in Burma (Myanmar), believed to have its roots near the Thai-Burma border. They are curious, social, and love people.",https://cdn2.thecatapi.com/images/4lXnnfxac.jpg,16 - 18 years,8 - 12 lbs,Short,Low,"{curious,intelligent,gentle,social}"
breed-015,Burmilla,United Kingdom,"Curious, Intelligent, Friendly, Gentle, Quiet","The Burmilla is a breed of domestic cat which originated in the United Kingdom in 1981. They are known for their shimmery, silver coat and gentle personality.",https://cdn2.thecatapi.com/images/HOrX5gwLS.jpg,10 - 15 years,8 - 12 lbs,Short,Low,"{curious,intelligent,friendly,gentle}"
breed-016,California Spangled,United States,"Affectionate, Curious, Active, Intelligent, Playful, Social","The California Spangled is a breed of domestic cat that was bred to resemble spotted wild cats, like the leopard and ocelot. They are active and social.",https://cats.com/wp-content/uploads/2020/10/The-California-Spangled-Cats.jpg,9 - 16 years,8 - 15 lbs,Short,Low,"{curious,active,intelligent,social}"
breed-017,Chantilly-Tiffany,United States,"Affectionate, Demanding, Friendly, Gentle, Quiet, Soft-voiced","The Chantilly-Tiffany is a semi-longhaired cat breed with a chocolate-brown coat. They are gentle, affectionate, and devoted to their owners.",https://cats.com/wp-content/uploads/2020/10/the-Chantilly-Tiffany.jpg,14 - 16 years,6 - 12 lbs,Semi-Long,Medium,"{affectionate,friendly,gentle,quiet}"
breed-018,Chartreux,France,"Affectionate, Loyal, Intelligent, Social, Lively, Playful","The Chartreux is a rare breed of cat from France. They are known for their blue-gray coats, orange-copper eyes, and quiet, observant nature.",https://cdn2.thecatapi.com/images/j6oFGLpRG.jpg,11 - 15 years,6 - 12 lbs,Short,Low,"{affectionate,loyal,intelligent,playful}"
breed-019,Chausie,France,"Affectionate, Intelligent, Playful, Social",The Chausie is a domestic breed of cat that was developed by breeding a few individuals from non-domestic species to a far greater number of domestic cats. They are active and love to jump.,https://cdn.shopify.com/s/files/1/0568/0450/7691/files/Chausie-3_600x600.jpg?v=1715597909,10 - 15 years,15 - 20 lbs,Short,Low,"{affectionate,intelligent,playful,social}"
breed-020,Colorpoint Shorthair,United States,"Affectionate, Intelligent, Playful, Social",The Colorpoint Shorthair is a type of Siamese cat that displays non-traditional Siamese point coloration. They are very communicative and people-oriented.,https://upload.wikimedia.org/wikipedia/commons/1/11/Chocolate_Tortie_Pt_11636-140.jpg,12 - 16 years,5 - 10 lbs,Short,Low,"{affectionate,intelligent,playful,social}"
breed-021,Cornish Rex,United Kingdom,"Active, Affectionate, Energetic, Intelligent, Lively","The Cornish Rex is a breed of domestic cat. Their most notable feature is the extremely soft, wavy coat. They are energetic, playful, and love attention.",https://vgl.ucdavis.edu/sites/g/files/dgvnsk15116/files/inline-images/Cornish-Rex-Coat-Adjusted-600px.jpg,11 - 15 years,6 - 10 lbs,Wavy,Low,"{active,affectionate,energetic,intelligent}"
breed-022,Cymric,Canada,"Affectionate, Gentle, Lively, Loyal, Intelligent, Social","The Cymric is a semi-longhaired version of the Manx cat, sharing its characteristic rounded appearance and lack of tail. They are gentle and devoted companions.",https://consumer-cms.petfinder.com/sites/default/files/images/content/Cymric%20Cat%203.jpg,8 - 14 years,7 - 13 lbs,Long,High,"{affectionate,gentle,loyal,social}"
breed-023,Cyprus,Cyprus,"Affectionate, Social, Interactive, Playful","The Cyprus cat is a landrace of domestic cat believed to be one of the oldest cat breeds in the world. They are natural, robust, and highly adaptable.",https://www.catster.com/wp-content/uploads/2023/11/Aphrodite-giant-cat-colored-backgrounds_Oleksandr-Volchanskyi-Shutterstock.jpg,12 - 15 years,8 - 16 lbs,Short/Long,Low,"{affectionate,social,interactive,playful}"
breed-024,Devon Rex,United Kingdom,"Active, Affectionate, Loyal, Mischievous, Playful, Social","The Devon Rex is a breed of intelligent, short-haired cat that emerged in England during the late 1950s. They are known for their large ears and curly, soft coat.",https://cdn2.thecatapi.com/images/CDhOtM-Ig.jpg,10 - 15 years,5 - 10 lbs,Wavy/Short,Low,"{active,affectionate,loyal,mischievous}"
breed-025,Donskoy,Russia,"Affectionate, Curious, Intelligent, Loyal",The Donskoy is a hairless cat breed of Russian origin. They are known for their warmth and loyalty to their human companions.,https://wopet.com/uploads/admin/image/20250619/1b3f80c9c3d044ab6c15fb8beaa5ee3c.png,12 - 15 years,6 - 15 lbs,Hairless,High,"{affectionate,curious,intelligent,loyal}"
breed-026,Dragon Li,China,"Intelligent, Loving, Agile, Curious, Friendly","The Dragon Li, also called the Li Hua or Chinese Li Hua, is a natural breed originating in China. They are known for their distinctive golden-brown tabby pattern.",https://cdn-images.vetstreet.com/cb/ed/5781fa4445dfae2288fd3bb0a3fe/li-hua-looking-at-camera-10935-146-645sm82115.jpg,12 - 15 years,9 - 12 lbs,Short,Low,"{intelligent,loving,agile,curious}"
breed-027,Dwelf,United States,"Friendly, Lively, Devoted, Playful","The Dwelf is a new experimental breed that combines characteristics of the Munchkin, American Curl, and Sphynx. They are hairless with short legs and curled ears.",https://cdn2.thecatapi.com/images/j6oFGLpRG.jpg,12 - 15 years,4 - 9 lbs,Hairless,High,"{friendly,lively,devoted,playful}"
breed-028,Egyptian Mau,Egypt,"Active, Curious, Friendly, Gentle, Loyal, Playful",The Egyptian Mau is a small to medium-sized short-haired cat breed. They are the fastest of the domestic cats and are known for their naturally occurring spotted coat.,https://d3544la1u8djza.cloudfront.net/APHI/Blog/2021/12-27/Egyptian+mau+cat+relaxing+on+a+gray+green+couch-min.jpg,9 - 13 years,7 - 9 lbs,Short,Low,"{active,curious,gentle,loyal}"
breed-029,European Burmese,Myanmar,"Curious, Lively, Affectionate, Gentle",The European Burmese is closely related to the American Burmese but has a more moderate body type. They are extremely people-oriented and love being involved in family activities.,https://www.thesprucepets.com/thmb/7K3EGk7u3obrOmi7avQBKoEZf40=/2883x0/filters:no_upscale():strip_icc()/burmese-cat-breed-profile-4584510-hero-b7e3ecbe46ce4dc18a15351f8224b331.jpg,16 - 18 years,8 - 12 lbs,Short,Low,"{curious,lively,affectionate,gentle}"
breed-030,Exotic Shorthair,United States,"Affectionate, Curious, Loyal, Quiet, Gentle",The Exotic Shorthair is a breed of cat developed as a short-haired version of the Persian. They share many traits with their long-haired counterparts but are easier to maintain.,https://consumer-cms.petfinder.com/sites/default/files/images/content/Exotic%20Shorthair%20Cat%203.jpg,12 - 15 years,10 - 12 lbs,Short,Low,"{affectionate,loyal,quiet,gentle}"
breed-031,Havana Brown,United Kingdom,"Affectionate, Curious, Demanding, Gentle, Intelligent, Playful, Social",The Havana Brown is a domestic cat breed. It was the result of a planned breeding between Siamese and domestic black cats in England. They are affectionate and curious.,https://consumer-cms.petfinder.com/sites/default/files/images/content/Havana%20Brown%20Cat%203.jpg,10 - 15 years,6 - 10 lbs,Short,Low,"{affectionate,curious,gentle,intelligent}"
breed-032,Himalayan,United States,"Dependent, Gentle, Intelligent, Quiet, Social, Calm","The Himalayan is a breed or sub-breed of long-haired cat identical in type to the Persian, with the exception of its blue eyes and its point coloration. They are gentle and calm.",https://cdn2.thecatapi.com/images/CDhOtM-Ig.jpg,9 - 15 years,7 - 14 lbs,Long,High,"{gentle,quiet,social,calm}"
breed-033,Japanese Bobtail,Japan,"Active, Agile, Friendly, Intelligent, Lively, Playful",The Japanese Bobtail is a breed of domestic cat with an unusual bobtail resembling the tail of a rabbit. They are known for their distinctive chirping tones and playful personality.,https://www.purina.com/sites/default/files/styles/social_share/public/2025-08/japanese_bobtail_cat_1.jpg?h=82f92a78&itok=1eQUYi_L,15 - 18 years,6 - 10 lbs,Short/Long,Low,"{active,agile,friendly,playful}"
breed-034,Javanese,United States,"Affectionate, Intelligent, Playful, Social","The Javanese is a longhaired version of the Colorpoint Shorthair, accepted by the Cat Fanciers' Association as a separate breed. They are very active and vocal.",https://consumer-cms.petfinder.com/sites/default/files/images/content/Javanese%20Cat%204.jpg,10 - 15 years,5 - 10 lbs,Long,Medium,"{affectionate,intelligent,playful,social}"
breed-035,Khao Manee,Thailand,"Curious, Active, Loyal, Friendly","The Khao Manee is an ancient breed of cat originating in Thailand. They are known for their pure white coat and odd-colored eyes, often one blue and one golden.",https://wopet.com/uploads/admin/image/20250630/352121c9ccc42c8ea1d22adf813a930b.png,10 - 12 years,8 - 10 lbs,Short,Low,"{curious,active,loyal,friendly}"
breed-036,Korat,Thailand,"Active, Loyal, Expressive, Trainable","The Korat is a silver-tipped blue-grey, short-haired breed of cat named after the Nakhon Ratchasima province in Thailand. They form strong bonds with their people.",https://www.purina.co.uk/sites/default/files/2022-06/Korat.1.jpg?h=d9eda887&itok=OLX5olO5,10 - 15 years,6 - 10 lbs,Short,Low,"{active,loyal,expressive,trainable}"
breed-037,Kurilian Bobtail,Russia,"Curious, Intelligent, Playful, Social","The Kurilian Bobtail is a cat breed originating from the Kuril Islands of Russia. Their most distinctive feature is their short, fluffy pom-pom tail.",https://cdn.shopify.com/s/files/1/0997/4496/articles/Kurilian_Bobtail_Cat_14679ff4-aa85-49a3-a008-8f13de1381c0.png?v=1730330244,15 - 20 years,7 - 15 lbs,Short/Long,Medium,"{curious,intelligent,playful,social}"
breed-038,LaPerm,United States,"Active, Affectionate, Gentle, Intelligent, Playful, Social","LaPerm is a rex breed, meaning it has a curly coat that is the result of a natural genetic mutation. They are affectionate, gentle, and love to cuddle.",https://cdn-images.vetstreet.com/dc/36/ee3fbfc34d718af43908fa927299/LaPerm-AP-AGGHMB-645sm3614.jpg,10 - 15 years,6 - 12 lbs,Curly,Low,"{active,affectionate,gentle,playful}"
breed-039,Lykoi,United States,"Active, Affectionate, Aggressive, Curious, Friendly, Intelligent, Playful, Social","The Lykoi, also called the werewolf cat, is a natural mutation from a domestic shorthaired cat that has a unique wolf-like appearance. They are curious and social.",https://consumer-cms.petfinder.com/sites/default/files/images/content/Lykoi%20cat%202.jpg,12 - 15 years,6 - 12 lbs,Sparse,Low,"{active,affectionate,curious,playful}"
breed-040,Maine Coon,United States,"Affectionate, Intelligent, Playful, Gentle",Maine Coon is one of the largest domesticated breeds of cat. It has a distinctive physical appearance and valuable hunting skills. They are often called the dogs of the cat world.,https://headsupfortails.com/cdn/shop/articles/Maine_Coon_Cat_Breed_Guide_37867989-7b75-465d-be5a-e188f51e67d3.jpg?v=1754547063,12 - 15 years,10 - 25 lbs,Long,High,"{affectionate,intelligent,playful,gentle}"
breed-041,Malayan,United States,"Affectionate, Curious, Gentle, Playful","The Malayan is closely related to the Burmese. They share the same sable brown color but have a more moderate body type and are gentle, loving companions.",https://encrypted-tbn0.gstatic.com/images?q=tbn:ANd9GcQaD2JbNXfQqihkRhMD_KSacoi9z-_EHg5BS8eIc5GL2dsiGdIr6mNie1gH&s=10,12 - 16 years,8 - 12 lbs,Short,Low,"{affectionate,curious,gentle,playful}"
breed-042,Manx,United Kingdom,"Affectionate, Intelligent, Loyal, Playful, Social","The Manx cat is a breed of domestic cat originating on the Isle of Man, with a naturally occurring mutation that results in a shortened tail. They are social and intelligent.",https://cdn-images.vetstreet.com/5d/60/fcf5ff6c43c78cc18cd0a338b0ce/manx-ap-6ssfgc.jpg,9 - 13 years,8 - 12 lbs,Short/Long,Low,"{affectionate,intelligent,loyal,playful}"
breed-043,Munchkin,United States,"Agile, Easy Going, Intelligent, Playful, Social","The Munchkin cat is characterized by its very short legs, which are caused by a naturally occurring genetic mutation. They are playful, people-oriented, and full of energy.",https://cdn.shopify.com/s/files/1/0311/9598/8101/files/Cute_orange_and_white_Munchkin_Cat_close_up_480x480.jpg?v=1607352663,12 - 15 years,5 - 9 lbs,Short/Long,Low,"{agile,easygoing,intelligent,playful}"
breed-044,Nebelung,United States,"Gentle, Quiet, Shy, Intelligent, Social","The Nebelung is a rare pedigree breed of domestic cat. Its name is derived from the German word for mist or fog. They are gentle, shy, and form strong bonds with their family.",https://consumer-cms.petfinder.com/sites/default/files/images/content/Nebelung%20Cat%201.jpg,11 - 16 years,7 - 15 lbs,Long,High,"{gentle,quiet,shy,intelligent}"
breed-045,Norwegian Forest Cat,Norway,"Gentle, Independent, Intelligent, Lively","The Norwegian Forest cat is a breed of domestic cat originating in Northern Europe. They are adapted to a very cold climate, with a top coat of long, glossy hair.",https://consumer-cms.petfinder.com/sites/default/files/images/content/Norwegian%20Forest%20Cat%204.jpg,14 - 16 years,13 - 22 lbs,Long,High,"{gentle,independent,intelligent,lively}"
breed-046,Ocicat,United States,"Active, Agile, Curious, Demanding, Gentle, Intelligent, Lively, Social",The Ocicat is an all-domestic breed of cat which resembles a wild cat but has no wild DNA in its gene pool. They are sociable and love human interaction.,https://consumer-cms.petfinder.com/sites/default/files/images/content/Ocicat%201.jpg,10 - 15 years,6 - 15 lbs,Short,Low,"{active,agile,curious,intelligent}"
breed-047,Oriental,United Kingdom,"Energetic, Affectionate, Curious, Intelligent, Demanding",The Oriental is a breed of domestic cat that is developed from and closely related to the Siamese cat. They come in over 300 color and pattern combinations.,https://consumer-cms.petfinder.com/sites/default/files/images/content/Oriental%20Short%20Hair%20Cat%201.jpg,12 - 15 years,6 - 12 lbs,Short/Long,Low,"{energetic,affectionate,curious,intelligent}"
breed-048,Persian,Iran,"Affectionate, Loyal, Gentle, Quiet, Docile","The Persian cat is a long-haired breed of cat characterized by its round face and short muzzle. They are known for their calm, gentle temperament and luxurious coat.",https://dbw3zep4prcju.cloudfront.net/animal/3cac1dd5-9d7c-4539-b390-cb46caa016ff/image/e745bd97-d4f4-45ae-b2ad-92ac8518e663.jpeg,10 - 17 years,7 - 12 lbs,Long,High,"{affectionate,loyal,gentle,docile}"
breed-049,Pixie-bob,United States,"Affectionate, Loyal, Social, Playful",The Pixie-bob is a breed of domestic cat claimed by breed founder Carol Ann Brewer to be the progeny of naturally occurring bobcat hybrids. They are devoted and dog-like.,https://consumer-cms.petfinder.com/sites/default/files/images/content/Pixiebob%20Cat%201.jpg,13 - 15 years,8 - 17 lbs,Short/Long,Low,"{affectionate,loyal,social,playful}"
breed-050,Ragamuffin,United States,"Affectionate, Friendly, Gentle, Calm",The RagaMuffin is a breed of domestic cat. They are similar to the Ragdoll cat in appearance but have a wider variety of colors and patterns.,https://consumer-cms.petfinder.com/sites/default/files/images/content/Ragamuffin%20Cat%204_0.jpg,12 - 16 years,10 - 20 lbs,Long,High,"{affectionate,friendly,gentle,calm}"
breed-051,Ragdoll,United States,"Affectionate, Gentle, Intelligent, Calm, Social",The Ragdoll is a cat breed with a color point coat and blue eyes. Their name refers to the tendency of individuals from the original breeding stock to go limp and relaxed when picked up.,https://consumer-cms.petfinder.com/sites/default/files/images/content/Ragdoll%201.jpg,12 - 17 years,12 - 20 lbs,Long,Medium,"{affectionate,gentle,calm,social}"
breed-052,Russian Blue,Russia,"Affectionate, Gentle, Intelligent, Loyal, Quiet, Shy","The Russian Blue is a cat breed that has a distinctive blue coat and green eyes. They are known for their gentle, quiet nature and devotion to their families.",https://consumer-cms.petfinder.com/sites/default/files/images/content/Russian%20Blue%20Cat%203.jpg,15 - 20 years,7 - 12 lbs,Short,Low,"{affectionate,gentle,intelligent,quiet}"
breed-053,Savannah,United States,"Active, Adventurous, Curious, Loyal, Intelligent, Social",The Savannah is a hybrid cat breed. It is a cross between the serval and a domestic cat. They are one of the largest domestic cat breeds and are very active.,https://dbw3zep4prcju.cloudfront.net/animal/8160d152-76e3-4c0b-bca7-6ce7992c522a/image/39f0bf9b-19f7-40b9-8f34-7eca0294112a.jpg?versionId=BxkWv4cR581z_tgFmQZDF_8hOp2wN5oZ,12 - 20 years,12 - 25 lbs,Short,Low,"{active,adventurous,curious,intelligent}"
breed-054,Scottish Fold,United Kingdom,"Affectionate, Gentle, Intelligent, Social","The Scottish Fold is a breed of domestic cat with a natural dominant-gene mutation that affects cartilage throughout the body, causing the ears to fold, bending forward and down.",https://encrypted-tbn0.gstatic.com/images?q=tbn:ANd9GcR3ygBG8wgP80rd4lP9oE2L4cb8EqostesReP8ad2lbZZInq0gMJGKdTQe5&s=10,11 - 14 years,6 - 13 lbs,Short/Long,Low,"{affectionate,gentle,intelligent,social}"
breed-055,Selkirk Rex,United States,"Active, Affectionate, Gentle, Lively, Loyal, Social","The Selkirk Rex is a breed of cat with highly curled hair, including its whiskers. Unlike other rex breeds, the Selkirk Rex gene is dominant and results in three types of coats.",https://consumer-cms.petfinder.com/sites/default/files/images/content/Selkirk%20Rex%20Cat%201.jpg,10 - 15 years,6 - 16 lbs,Curly,Medium,"{active,affectionate,gentle,loyal}"
breed-056,Serengeti,United States,"Affectionate, Agile, Curious, Friendly, Intelligent, Lively, Social",The Serengeti is a breed of cat developed in the 1990s by crossing Bengal and Oriental Shorthair cats. They resemble a serval in appearance but are entirely domestic.,https://cats.com/wp-content/uploads/2020/10/kitten-Serengeti.jpg,10 - 15 years,8 - 15 lbs,Short,Low,"{affectionate,agile,curious,intelligent}"
breed-057,Siamese,Thailand,"Active, Agile, Clever, Sociable, Loving, Energetic",The Siamese is one of the oldest recognized breeds of domestic cat. Their most distinctive features are their blue eyes and colored points. They are extremely vocal and social.,https://cdn2.thecatapi.com/images/0XYvRd7oD.jpg,12 - 15 years,8 - 15 lbs,Short,Low,"{active,clever,sociable,energetic}"
breed-058,Siberian,Russia,"Active, Agile, Curious, Friendly, Intelligent, Loyal, Playful","The Siberian is a landrace variety of domestic cat that has been present in Russia for centuries. They are large, powerful cats with a dense, semi-longhaired coat.",https://consumer-cms.petfinder.com/sites/default/files/images/content/Siberian%20Cat%201.jpg,11 - 15 years,10 - 20 lbs,Long,High,"{active,agile,curious,intelligent}"
breed-059,Singapura,Singapore,"Affectionate, Curious, Lively, Playful, Sensible","The Singapura is one of the smallest breeds of cats. They are known for their large eyes and ears, brown ticked coat, and blunt tail. They are curious and playful.",https://consumer-cms.petfinder.com/sites/default/files/images/content/Singapura%20Cat%203.jpg,11 - 15 years,4 - 8 lbs,Short,Low,"{affectionate,curious,lively,playful}"
breed-060,Snowshoe,United States,"Affectionate, Docile, Lively, Playful, Social",The Snowshoe is a breed of cat originating in the United States of America in the 1960s. They are a combination of Siamese and American Shorthair traits.,https://consumer-cms.petfinder.com/sites/default/files/images/content/Snowshoe%20Cat%202.jpg,14 - 19 years,7 - 14 lbs,Short,Low,"{affectionate,lively,playful,social}"
breed-061,Sokoke,Kenya,"Active, Curious, Friendly, Intelligent, Lively, Social",The Sokoke is a natural breed originating from the Arabuko Sokoke forest in Kenya. They are characterized by a modified classic tabby pattern on their coat.,https://www.gccfcats.org/wp-content/uploads/2021/09/Sokoke.jpg,15 - 20 years,5 - 10 lbs,Short,Low,"{active,curious,friendly,intelligent}"
breed-062,Somali,Somalia,"Active, Energetic, Independent, Intelligent, Gentle, Quiet","The Somali cat is often described as a long-haired Abyssinian. They are very active, playful cats known for their fox-like bushy tail and wild appearance.",https://consumer-cms.petfinder.com/sites/default/files/images/content/Somali%20Cat%202.jpg,11 - 16 years,6 - 10 lbs,Long,Medium,"{active,energetic,independent,intelligent}"
breed-063,Sphynx,Canada,"Curious, Intelligent, Friendly, Affectionate, Loyal","The Sphynx cat is a breed of cat known for its lack of coat (fur). The Sphynx is known to be extroverted and energetic, with a high level of curiosity.",https://consumer-cms.petfinder.com/sites/default/files/images/content/Sphynx%20%203.jpg,8 - 14 years,6 - 14 lbs,Hairless,High,"{curious,intelligent,friendly,affectionate}"
breed-064,Suphalak,Thailand,"Loving, Loyal, Curious, Friendly",The Suphalak is an ancient and very rare Thai breed with a solid copper or reddish-brown coat. They were mentioned in the Cat Book Poems from ancient Siam.,https://www.catster.com/wp-content/uploads/2023/11/suphalak-cat-in-bed_Nattakorn-Suphatheera_Shutterstock.jpg,10 - 15 years,8 - 10 lbs,Short,Low,"{loving,loyal,curious,friendly}"
breed-065,Tiger,Various,"Active, Alert, Assertive, Energetic, Intelligent",Tiger cats refer to domestic cats with a striped tabby pattern resembling that of a tiger. They are energetic and playful cats with a bold personality.,https://consumer-cms.petfinder.com/sites/default/files/images/content/Toyger%20Cat%202.jpg,10 - 15 years,8 - 16 lbs,Short,Low,"{active,alert,energetic,intelligent}"
breed-066,Tonkinese,Canada,"Active, Agile, Curious, Friendly, Intelligent, Playful, Social","The Tonkinese is a domestic cat breed produced by crossbreeding between the Siamese and Burmese. They are active, social, and have a great sense of humor.",https://consumer-cms.petfinder.com/sites/default/files/images/content/Tonkinese%20Cat%20%201.jpg,10 - 16 years,6 - 12 lbs,Short,Low,"{active,curious,friendly,intelligent}"
breed-067,Toyger,United States,"Active, Friendly, Intelligent, Playful, Social","The Toyger is a breed of domestic cat, the result of breeding striped domestic shorthaired cats to create the impression of a toy tiger. They are friendly and intelligent.",https://cdn2.thecatapi.com/images/vJB8rwfdX.jpg,10 - 15 years,7 - 15 lbs,Short,Low,"{active,friendly,intelligent,playful}"
breed-068,Turkish Angora,Turkey,"Affectionate, Agile, Clever, Demanding, Friendly, Gentle, Loving, Social","The Turkish Angora is a breed of domestic cat. Turkish Angoras are one of the ancient, naturally-occurring cat breeds, having originated in central Anatolia.",https://spotpetinsurance.ca/_next/image?url=https%3A%2F%2Fimages.ctfassets.net%2Fm5ehn3s5t7ec%2Fwp-image-198686%2Fe9948a3cab18f4011906372002391cef%2FTurkish_Angora_Cat.jpg&w=3840&q=75,12 - 18 years,5 - 9 lbs,Long,Medium,"{affectionate,clever,friendly,loving}"
breed-069,Turkish Van,Turkey,"Active, Affectionate, Agile, Clever, Independent, Intelligent, Lively, Loyal",The Turkish Van is a semi-longhaired cat breed. They are known for their unique pattern of color on the head and tail on an otherwise white cat. They love water.,https://consumer-cms.petfinder.com/sites/default/files/images/content/Turkish%20Van%20cat%203.jpg,12 - 17 years,10 - 20 lbs,Semi-Long,Low,"{active,affectionate,clever,intelligent}"
breed-070,York Chocolate,United States,"Active, Curious, Friendly, Playful, Social","The York Chocolate is an uncommon American breed of show cat, with a long, fluffy, chocolatey-brown coat. They are friendly, active, and enjoy following their owners.",https://cats.com/wp-content/uploads/2020/10/york-cat-1.jpg,13 - 15 years,10 - 16 lbs,Long,High,"{active,curious,friendly,playful}"
breed-071,Alpine Shorthair,Switzerland,"Gentle, Intelligent, Calm, Loyal",The Alpine Shorthair is a sturdy mountain breed known for its thick coat and calm nature. They bond deeply with their families.,https://consumer-cms.petfinder.com/sites/default/files/images/content/Exotic%20Shorthair%20Cat%201.jpg,12 - 16 years,8 - 14 lbs,Short,Low,"{gentle,intelligent,calm,loyal}"
breed-072,Sahara Sandcat,Morocco,"Active, Curious, Agile, Independent","The Sahara Sandcat is inspired by desert-dwelling felines, known for agility and curiosity. They thrive in active households.",https://encrypted-tbn0.gstatic.com/images?q=tbn:ANd9GcQXgCyFu1f57_MxovZJqwBE_mUhOnXxjRHlhPIVFMyeVg&s,10 - 14 years,6 - 11 lbs,Short,Low,"{active,curious,agile,independent}"
breed-073,Nordic Curl,Finland,"Affectionate, Playful, Social, Intelligent",The Nordic Curl is known for its curled ears and friendly personality. They enjoy interactive play and human companionship.,https://encrypted-tbn0.gstatic.com/images?q=tbn:ANd9GcTTlRN7NzI0P-zZp1jh-ZlXQn91LErwDdT3u0F-N0qRyg&s=10,12 - 17 years,7 - 12 lbs,Short/Long,Medium,"{affectionate,playful,social,intelligent}"
breed-074,Highland Mist,Scotland,"Gentle, Quiet, Loyal, Calm","The Highland Mist is a serene breed with a soft, misty coat. They prefer quiet environments and form strong bonds.",https://encrypted-tbn0.gstatic.com/images?q=tbn:ANd9GcS_D896EnKE_Gja88nG6dwsmA3s6pPIhOKihokj2H0rQQ&s,13 - 18 years,8 - 15 lbs,Long,High,"{gentle,quiet,loyal,calm}"
breed-075,Pacific Wave,United States,"Active, Social, Intelligent, Playful",The Pacific Wave is a coastal-inspired breed known for its wavy coat and energetic personality.,https://encrypted-tbn0.gstatic.com/images?q=tbn:ANd9GcTGzw4ZqSVyKgK8jUt9oS2-kmdCKX9wJRIdqW2sgmqXVA&s=10,11 - 15 years,7 - 13 lbs,Wavy,Medium,"{active,social,intelligent,playful}"
breed-076,Aurora Longcoat,Sweden,"Gentle, Quiet, Loyal, Calm",The Aurora Longcoat is a serene Scandinavian breed known for its shimmering fur and gentle personality.,https://encrypted-tbn0.gstatic.com/images?q=tbn:ANd9GcR9TJCX1P8ZqDkb9i1JnSPTWR2o8CcfiJcnYRG3xAUKKg&s=10,12 - 17 years,8 - 14 lbs,Long,High,"{gentle,quiet,loyal,calm}"
breed-077,Boreal Shorthair,Canada,"Active, Curious, Intelligent, Social",The Boreal Shorthair is a hardy northern breed that thrives in cold climates and enjoys human interaction.,https://encrypted-tbn0.gstatic.com/images?q=tbn:ANd9GcR7G1Ye6U4MAwQ7QKh5EJjbvmW-gHEanBrKZKvRQtWMzA&s=10,11 - 15 years,7 - 12 lbs,Short,Low,"{active,curious,intelligent,social}"
breed-078,Caspian Curl,Iran,"Affectionate, Playful, Gentle, Social",The Caspian Curl is known for its curled ears and affectionate nature. They enjoy quiet companionship.,https://encrypted-tbn0.gstatic.com/images?q=tbn:ANd9GcTTlRN7NzI0P-zZp1jh-ZlXQn91LErwDdT3u0F-N0qRyg&s=10,12 - 16 years,6 - 11 lbs,Short/Long,Medium,"{affectionate,playful,gentle,social}"
breed-079,Duskpoint,United States,"Calm, Loyal, Quiet, Intelligent","The Duskpoint is a color‑point breed with a soft gradient coat and a calm, observant personality.",https://encrypted-tbn0.gstatic.com/images?q=tbn:ANd9GcQj7GyC0EZKSoQmujhv_h5Unixud3Apuh_FjzOqJrf25w&s,13 - 18 years,8 - 13 lbs,Medium,Low,"{calm,loyal,quiet,intelligent}"
breed-080,Emerald Rex,Ireland,"Active, Energetic, Playful, Social",The Emerald Rex is a curly‑coated breed with a lively personality and a love for interactive play.,https://encrypted-tbn0.gstatic.com/images?q=tbn:ANd9GcR7G1Ye6U4MAwQ7QKh5EJjbvmW-gHEanBrKZKvRQtWMzA&s=10,10 - 14 years,6 - 10 lbs,Curly,Low,"{active,energetic,playful,social}"
breed-081,Fjord Cat,Norway,"Gentle, Independent, Intelligent, Calm","The Fjord Cat is a mountain breed adapted to cold climates, known for its independence and gentle nature.",https://encrypted-tbn0.gstatic.com/images?q=tbn:ANd9GcQXgCyFu1f57_MxovZJqwBE_mUhOnXxjRHlhPIVFMyeVg&s,12 - 17 years,9 - 16 lbs,Long,High,"{gentle,independent,intelligent,calm}"
breed-082,Golden Dune,Egypt,"Active, Curious, Agile, Social",The Golden Dune is a desert‑inspired breed with a sandy coat and a highly curious personality.,https://encrypted-tbn0.gstatic.com/images?q=tbn:ANd9GcQXgCyFu1f57_MxovZJqwBE_mUhOnXxjRHlhPIVFMyeVg&s,10 - 14 years,6 - 10 lbs,Short,Low,"{active,curious,agile,social}"
breed-083,Harbor Longhair,United Kingdom,"Affectionate, Calm, Gentle, Quiet",The Harbor Longhair is a peaceful breed with a silky coat and a preference for quiet environments.,https://encrypted-tbn0.gstatic.com/images?q=tbn:ANd9GcS_D896EnKE_Gja88nG6dwsmA3s6pPIhOKihokj2H0rQQ&s,13 - 17 years,8 - 14 lbs,Long,High,"{affectionate,calm,gentle,quiet}"
breed-084,Indigo Shorthair,Japan,"Playful, Intelligent, Social, Curious","The Indigo Shorthair is a sleek, blue‑toned breed known for its intelligence and playful personality.",https://encrypted-tbn0.gstatic.com/images?q=tbn:ANd9GcQSV8UiBCClucitwWpr1sIWWZKGvtZIDc9vKtZXmvhWLA&s=10,11 - 15 years,6 - 11 lbs,Short,Low,"{playful,intelligent,social,curious}"
breed-085,Jungle Mist,Brazil,"Active, Agile, Curious, Friendly","The Jungle Mist is inspired by rainforest cats, known for agility and a friendly, curious nature.",https://encrypted-tbn0.gstatic.com/images?q=tbn:ANd9GcTsdsBwixGy3Jjq6PGVjrYqgq5CPMPljqhRh_vWCzvj7A&s=10,10 - 14 years,7 - 12 lbs,Short,Low,"{active,agile,curious,friendly}"
breed-086,Kairo Curl,Egypt,"Affectionate, Social, Intelligent, Gentle","The Kairo Curl is a desert‑origin breed with curled ears and a warm, affectionate personality.",https://encrypted-tbn0.gstatic.com/images?q=tbn:ANd9GcTTlRN7NzI0P-zZp1jh-ZlXQn91LErwDdT3u0F-N0qRyg&s=10,12 - 16 years,7 - 12 lbs,Short,Low,"{affectionate,social,intelligent,gentle}"
breed-087,Lunar Rex,United States,"Playful, Energetic, Intelligent, Social",The Lunar Rex is a curly‑coated breed with a lively personality and a love for nighttime activity.,https://encrypted-tbn0.gstatic.com/images?q=tbn:ANd9GcRr6dnYelGRRzWmLuxcQiJNnph0BEnGi6TqJ0oiLatBOQ&s=10,10 - 14 years,6 - 10 lbs,Curly,Low,"{playful,energetic,intelligent,social}"
breed-088,Marina Shorthair,Portugal,"Calm, Gentle, Loyal, Quiet",The Marina Shorthair is a coastal breed known for its calm demeanor and loyalty to its family.,https://encrypted-tbn0.gstatic.com/images?q=tbn:ANd9GcThqxbeif2vqDXjyviYXPXAZbvwtX03MnYwJc9IZnUHLg&s=10,12 - 17 years,7 - 12 lbs,Short,Low,"{calm,gentle,loyal,quiet}"
breed-089,Nebula Longhair,Russia,"Quiet, Intelligent, Gentle, Shy",The Nebula Longhair is a soft‑coated breed with a shy but deeply affectionate personality.,https://encrypted-tbn0.gstatic.com/images?q=tbn:ANd9GcS_D896EnKE_Gja88nG6dwsmA3s6pPIhOKihokj2H0rQQ&s=10,13 - 18 years,8 - 14 lbs,Long,High,"{quiet,intelligent,gentle,shy}"
breed-090,Oasis Cat,Saudi Arabia,"Active, Curious, Agile, Independent",The Oasis Cat is a desert‑adapted breed known for agility and independence.,https://encrypted-tbn0.gstatic.com/images?q=tbn:ANd9GcQXgCyFu1f57_MxovZJqwBE_mUhOnXxjRHlhPIVFMyeVg&s,10 - 14 years,6 - 10 lbs,Short,Low,"{active,curious,agile,independent}"
breed-091,Polar Curl,Iceland,"Gentle, Loyal, Calm, Intelligent","The Polar Curl is a cold‑climate breed with curled ears and a gentle, loyal personality.",https://encrypted-tbn0.gstatic.com/images?q=tbn:ANd9GcTkveKIkM6pdg-q1o894_kEGP_LvTxyMj3gLPO6GylCZw&s=10,12 - 17 years,8 - 14 lbs,Long,High,"{gentle,loyal,calm,intelligent}"
breed-092,Quartz Shorthair,Germany,"Intelligent, Calm, Gentle, Loyal",The Quartz Shorthair is a sturdy European breed known for its calm temperament and intelligence.,https://encrypted-tbn0.gstatic.com/images?q=tbn:ANd9GcQXgCyFu1f57_MxovZJqwBE_mUhOnXxjRHlhPIVFMyeVg&s,12 - 16 years,7 - 13 lbs,Short,Low,"{intelligent,calm,gentle,loyal}"
breed-093,Riverine Cat,Bangladesh,"Active, Curious, Social, Playful","The Riverine Cat is inspired by wetland felines, known for curiosity and playful behavior.",https://encrypted-tbn0.gstatic.com/images?q=tbn:ANd9GcTLkF2be3wrq4XCkKY9AQBmeORy23DkL50yQ68cOogZAw&s,10 - 14 years,6 - 11 lbs,Short,Low,"{active,curious,social,playful}"
breed-094,Saffron Longhair,India,"Gentle, Calm, Affectionate, Quiet",The Saffron Longhair is a warm‑toned breed with a gentle personality and a preference for quiet homes.,https://encrypted-tbn0.gstatic.com/images?q=tbn:ANd9GcREjLoxZxal0P2xoAtuFIYq1LOg_NJIQDlHCdmUfiPAZw&s=10,12 - 17 years,8 - 14 lbs,Long,High,"{gentle,calm,affectionate,quiet}"
breed-095,Savanna Curl,Kenya,"Active, Agile, Curious, Social",The Savanna Curl is a wild‑inspired breed with curled ears and a highly active personality.,https://encrypted-tbn0.gstatic.com/images?q=tbn:ANd9GcTAw44eAzCAeCvoTg8UueH2hIwnvKSVj-ztn43GT98EWw&s,10 - 14 years,7 - 12 lbs,Short,Low,"{active,agile,curious,social}"
breed-096,Seabreeze Cat,Australia,"Playful, Friendly, Social, Intelligent",The Seabreeze Cat is a coastal breed known for its friendly nature and love for human interaction.,https://encrypted-tbn0.gstatic.com/images?q=tbn:ANd9GcSuykQ8nvBDA-vWGGB-kc-jjKq_8ymwvMQwzdj7j5lpgg&s,11 - 15 years,7 - 12 lbs,Short,Low,"{playful,friendly,social,intelligent}"
breed-097,Shadowpoint,United States,"Quiet, Calm, Loyal, Gentle","The Shadowpoint is a color‑point breed with a dark gradient coat and a calm, gentle personality.",https://encrypted-tbn0.gstatic.com/images?q=tbn:ANd9GcRRdLqSRQK6gwqoAllj57QY18uWIJMPBiO-zHS24Ykxqg&s,12 - 17 years,8 - 13 lbs,Medium,Low,"{quiet,calm,loyal,gentle}"
breed-098,Silkstream,China,"Gentle, Social, Intelligent, Calm",The Silkstream is a silky‑coated breed known for its gentle personality and strong social bonds.,https://encrypted-tbn0.gstatic.com/images?q=tbn:ANd9GcQZg9Jcn3ELIy_xbIOIMdXOyitdI4KnthrvCb5aouFJgQ&s,12 - 16 years,7 - 12 lbs,Long,High,"{gentle,social,intelligent,calm}"
breed-099,Solstice Rex,Denmark,"Energetic, Playful, Social, Intelligent",The Solstice Rex is a curly‑coated breed with a bright personality and a love for activity.,https://encrypted-tbn0.gstatic.com/images?q=tbn:ANd9GcQXgCyFu1f57_MxovZJqwBE_mUhOnXxjRHlhPIVFMyeVg&s=10,10 - 14 years,6 - 10 lbs,Curly,Low,"{energetic,playful,social,intelligent}"
breed-100,Starfall Cat,United States,"Calm, Gentle, Quiet, Loyal",The Starfall Cat is a soft‑coated breed with a peaceful temperament and a preference for quiet homes.,https://encrypted-tbn0.gstatic.com/images?q=tbn:ANd9GcQzOcOq0z-DzcbA_BZMSKJNxp59O1WhzTu6J8X-bcLYmQ&s=10,13 - 18 years,8 - 14 lbs,Long,High,"{calm,gentle,quiet,loyal}"
breed-101,Suncrest Shorthair,Spain,"Active, Social, Playful, Curious",The Suncrest Shorthair is a sunny‑tempered breed known for its playful and social nature.,https://encrypted-tbn0.gstatic.com/images?q=tbn:ANd9GcQXgCyFu1f57_MxovZJqwBE_mUhOnXxjRHlhPIVFMyeVg&s=12,11 - 15 years,7 - 12 lbs,Short,Low,"{active,social,playful,curious}"
breed-102,Twilight Mist,New Zealand,"Gentle, Calm, Loyal, Affectionate","The Twilight Mist is a serene breed with a soft coat and a calm, affectionate personality.",https://encrypted-tbn0.gstatic.com/images?q=tbn:ANd9GcQGCO5Wpm7PrKW4-Jkea3vAaT4Gmz7BKE4WEummCfYqNw&s,12 - 17 years,7 - 13 lbs,Medium,Medium,"{gentle,calm,loyal,affectionate}"
breed-103,Velvet Curl,France,"Playful, Social, Intelligent, Gentle",The Velvet Curl is a curly‑coated breed with a soft personality and a love for social interaction.,https://encrypted-tbn0.gstatic.com/images?q=tbn:ANd9GcTZIYdOXCN3Fl1Og0JxProgwakT3_rawXijBWi8S9hvGA&s=10,10 - 14 years,6 - 11 lbs,Curly,Low,"{playful,social,intelligent,gentle}"
breed-104,Whispering Sands,Morocco,"Active, Curious, Agile, Independent",The Whispering Sands is a desert‑adapted breed known for its agility and independent nature.,https://encrypted-tbn0.gstatic.com/images?q=tbn:ANd9GcT4iOFcBJYGpObvJMz8qBpxYS5oWbyxVfyc27hNvG9GmQ&s,10 - 14 years,6 - 11 lbs,Short,Low,"{active,curious,agile,independent}"
breed-105,Zephyr Longhair,Italy,"Gentle, Calm, Loyal, Affectionate",The Zephyr Longhair is a soft‑coated breed with a calm demeanor and a strong bond with its family.,https://encrypted-tbn0.gstatic.com/images?q=tbn:ANd9GcSAFsFIhRwhG_TO0iZ_EqUEcB2YwMMlO6kDjQHi3i60fg&s=10,12 - 17 years,8 - 14 lbs,Long,High,"{gentle,calm,loyal,affectionate}"
breed-106,Aurora Mist,Canada,"Playful, Social, Intelligent, Curious",The Aurora Mist is a northern breed known for its playful nature and curiosity.,https://encrypted-tbn0.gstatic.com/images?q=tbn:ANd9GcShfUHOYvWM_fI1pLKI9i6gOM5_irU16YVudXZLH_ibeQ&s,11 - 15 years,7 - 12 lbs,Medium,Medium,"{playful,social,intelligent,curious}"
breed-107,Celestial Rex,United Kingdom,"Energetic, Playful, Social, Intelligent",The Celestial Rex is a curly‑coated breed with a lively personality and a love for interactive play.,https://encrypted-tbn0.gstatic.com/images?q=tbn:ANd9GcQP24DWMgVREyaJsXC22AgXbGjXD4TBpF4-7NMFXsVvrw&s=10,10 - 14 years,6 - 10 lbs,Curly,Low,"{energetic,playful,social,intelligent}"
breed-108,Dawnlight Shorthair,Australia,"Calm, Gentle, Loyal, Affectionate","The Dawnlight Shorthair is a serene breed with a soft coat and a calm, affectionate personality.",https://encrypted-tbn0.gstatic.com/images?q=tbn:ANd9GcT7sjpKFYyLSlhc3qNbcGRoeBN0XrbadB9xL52jRBgLtw&s=10,12 - 17 years,7 - 13 lbs,Short,Low,"{calm,gentle,loyal,affectionate}"
breed-109,Eclipse Longhair,Japan,"Playful, Social, Intelligent, Curious","The Eclipse Longhair is a sleek, long‑coated breed known for its intelligence and playful personality.",https://encrypted-tbn0.gstatic.com/images?q=tbn:ANd9GcRNXukoSUJoeuZNDX5-_n8uECiUeVLeC_xpxiQKieFllA&s,11 - 15 years,7 - 12 lbs,Long,High,"{playful,social,intelligent,curious}"
breed-110,Frostbite Rex,Norway,"Energetic, Playful, Social, Intelligent",The Frostbite Rex is a curly‑coated breed with a lively personality and a love for interactive play.,https://encrypted-tbn0.gstatic.com/images?q=tbn:ANd9GcSIdPJUpqj5anXhK4qfHT-8PW7IXv7RQkK7qTJ6bos2MQ&s=10,10 - 14 years,6 - 10 lbs,Curly,Low,"{energetic,playful,social,intelligent}"
breed-111,Glacier Shorthair,Iceland,"Calm, Gentle, Loyal, Affectionate","The Glacier Shorthair is a serene breed with a soft coat and a calm, affectionate personality.",https://encrypted-tbn0.gstatic.com/images?q=tbn:ANd9GcQmCfFt_sZmtzpMszA0aOvNqgbyikE9EhrFNnLITMmSlg&s,12 - 17 years,7 - 13 lbs,Short,Low,"{calm,gentle,loyal,affectionate}"
breed-112,Horizon Mist,New Zealand,"Playful, Social, Intelligent, Curious",The Horizon Mist is a coastal breed known for its playful nature and curiosity.,https://encrypted-tbn0.gstatic.com/images?q=tbn:ANd9GcTgCHDC-DGYk9v0Bv6Pwz6dgiPMHMtFNL6UyRjpuLExqg&s=10,11 - 15 years,7 - 12 lbs,Medium,Medium,"{playful,social,intelligent,curious}"
breed-113,Iris Longhair,France,"Gentle, Calm, Loyal, Affectionate",The Iris Longhair is a soft‑coated breed with a calm demeanor and a strong bond with its family.,https://encrypted-tbn0.gstatic.com/images?q=tbn:ANd9GcQEdXke1jSujBiVKN4qo-wGvjt-dulCgRCSUsGURLzD9Q&s=10,12 - 17 years,8 - 14 lbs,Long,High,"{gentle,calm,loyal,affectionate}"
breed-114,Jade Shorthair,China,"Playful, Social, Intelligent, Curious","The Jade Shorthair is a sleek, short‑coated breed known for its intelligence and playful personality.",https://encrypted-tbn0.gstatic.com/images?q=tbn:ANd9GcSe4-hnTUPBllbd5mN9grLEtw-tcDAMv--fj5BLnxWKJg&s,11 - 15 years,7 - 12 lbs,Short,Low,"{playful,social,intelligent,curious}"
breed-115,Kestrel Rex,United Kingdom,"Energetic, Playful, Social, Intelligent",The Kestrel Rex is a curly‑coated breed with a lively personality and a love for interactive play.,https://encrypted-tbn0.gstatic.com/images?q=tbn:ANd9GcR79eiEWjnXIcxSbbtbGAJHkUEUPb4FC7NgMQtwepOyaw&shttps://example.com/kestrel_rex.jpg,10 - 14 years,6 - 10 lbs,Curly,Low,"{energetic,playful,social,intelligent}"
breed-116,Luminous Mist,Australia,"Calm, Gentle, Loyal, Affectionate","The Luminous Mist is a serene breed with a soft coat and a calm, affectionate personality.",https://encrypted-tbn0.gstatic.com/images?q=tbn:ANd9GcT4zq9jJKUT2sGcRgAWpW-U7WrEssl04N1u_d2PNxggZQ&s,12 - 17 years,7 - 13 lbs,Medium,Medium,"{calm,gentle,loyal,affectionate}"
breed-117,Mystic Longhair,Japan,"Playful, Social, Intelligent, Curious","The Mystic Longhair is a sleek, long‑coated breed known for its intelligence and playful personality.",https://encrypted-tbn0.gstatic.com/images?q=tbn:ANd9GcQaUYDYzPtfLS23cf4aO0XuIJ1955wdBzPDY6dmRQZUzg&s,11 - 15 years,7 - 12 lbs,Long,High,"{playful,social,intelligent,curious}"
breed-118,Nova Shorthair,Germany,"Calm, Gentle, Loyal, Affectionate","The Nova Shorthair is a serene breed with a soft coat and a calm, affectionate personality.",https://encrypted-tbn0.gstatic.com/images?q=tbn:ANd9GcRT167uhrixBIaSDkWKiNiWXE-bkfajPAlxS77gE-SDEg&s=10,12 - 17 years,7 - 13 lbs,Short,Low,"{calm,gentle,loyal,affectionate}"
breed-119,Opal Rex,United Kingdom,"Energetic, Playful, Social, Intelligent",The Opal Rex is a curly‑coated breed with a lively personality and a love for interactive play.,https://encrypted-tbn0.gstatic.com/images?q=tbn:ANd9GcQEhQeWn3h5k8HNf9o8HaiLVpXbMesnLAx5C5mkHPTEHA&s,10 - 14 years,6 - 10 lbs,Curly,Low,"{energetic,playful,social,intelligent}"
breed-120,Pearl Longhair,France,"Gentle, Calm, Loyal, Affectionate",The Pearl Longhair is a soft‑coated breed with a calm demeanor and a strong bond with its family.,https://encrypted-tbn0.gstatic.com/images?q=tbn:ANd9GcS369GQFIv5ZMDQaxBOQEL2Qs8g1b9P0TS1ord2rWWd4A&s,12 - 17 years,8 - 14 lbs,Long,High,"{gentle,calm,loyal,affectionate}"
breed-121,Quartz Shorthair,Germany,"Intelligent, Calm, Gentle, Loyal",The Quartz Shorthair is a sturdy European breed known for its calm temperament and intelligence.,https://encrypted-tbn0.gstatic.com/images?q=tbn:ANd9GcRiLOdQHoErR3sRPW_i-paOBWucKUYCtSfx5FL7Su5H5w&s=10,12 - 16 years,7 - 13 lbs,Short,Low,"{intelligent,calm,gentle,loyal}"
breed-122,Riverine Cat,Bangladesh,"Active, Curious, Social, Playful","The Riverine Cat is inspired by wetland felines, known for curiosity and playful behavior.",https://encrypted-tbn0.gstatic.com/images?q=tbn:ANd9GcT_rqqeDPdUv9f4W-vh2Fn_nKC2xi_1Xlhobmun4cRXzw&s,10 - 14 years,6 - 11 lbs,Short,Low,"{active,curious,social,playful}"
breed-123,Saffron Longhair,India,"Gentle, Calm, Affectionate, Quiet",The Saffron Longhair is a warm‑toned breed with a gentle personality and a preference for quiet homes.,https://encrypted-tbn0.gstatic.com/images?q=tbn:ANd9GcTe59ETowLZ7HGbmZsv2crEyV0ymb7EX1lErCWMlYPRHA&s=10,12 - 17 years,8 - 14 lbs,Long,High,"{gentle,calm,affectionate,quiet}"
breed-124,Savanna Curl,Kenya,"Active, Agile, Curious, Social",The Savanna Curl is a wild‑inspired breed with curled ears and a highly active personality.,https://encrypted-tbn0.gstatic.com/images?q=tbn:ANd9GcT5zSTqtBxi_yYrSFMcnT_BLKowtkrg6n7eNRdKjt6f3A&s=10,10 - 14 years,7 - 12 lbs,Short,Low,"{active,agile,curious,social}"
breed-125,Amberpoint,United States,"Gentle, Calm, Loyal, Quiet","Amberpoint cats are known for their warm amber point coloration and calm, affectionate nature.",https://encrypted-tbn0.gstatic.com/images?q=tbn:ANd9GcR8_nP6nAnQh-jO2OVn5IMl9jdBl9Bp1-6DcsKxXFEbCQ&s=10,12 - 17 years,8 - 14 lbs,Medium,Low,"{gentle,calm,loyal,quiet}"
breed-126,Arctic Shorthair,Greenland,"Independent, Intelligent, Gentle, Calm",The Arctic Shorthair is adapted to cold climates and known for its thick coat and quiet personality.,https://encrypted-tbn0.gstatic.com/images?q=tbn:ANd9GcRVPEASYvdWlXDDVAZJagQ88x9Gq3rDRXUHQWccjCDauA&s=10,11 - 15 years,7 - 12 lbs,Short,Low,"{independent,intelligent,gentle,calm}"
breed-127,Azure Curl,Turkey,"Affectionate, Social, Intelligent, Playful","The Azure Curl is known for its curled ears and bright blue eyes, paired with a loving personality.",https://encrypted-tbn0.gstatic.com/images?q=tbn:ANd9GcQl6NTkgnEaM9TVY9ew8aIG0wut1jGT7jC8W0w1F_4xbA&s,12 - 16 years,6 - 11 lbs,Short,Low,"{affectionate,social,intelligent,playful}"
breed-128,Bamboo Cat,Vietnam,"Active, Curious, Agile, Friendly","The Bamboo Cat is a jungle‑inspired breed known for agility and a curious, friendly nature.",https://encrypted-tbn0.gstatic.com/images?q=tbn:ANd9GcQC23oxEVdQ4kzUXLbYheEf6ZPbb36gEFl0FzQtB1JrCw&s,10 - 14 years,6 - 10 lbs,Short,Low,"{active,curious,agile,friendly}"
breed-129,Blossom Longhair,Japan,"Gentle, Quiet, Calm, Loyal",The Blossom Longhair is a serene breed with a soft floral‑patterned coat and a gentle personality.,https://encrypted-tbn0.gstatic.com/images?q=tbn:ANd9GcRyxt6xZ3CVs-o4if8LgXHUq9bm9r3pn7FzPFYFSgLEeQ&s=10,13 - 18 years,8 - 14 lbs,Long,High,"{gentle,quiet,calm,loyal}"
breed-130,Breeze Shorthair,New Zealand,"Playful, Social, Friendly, Intelligent",The Breeze Shorthair is a coastal breed known for its friendly nature and playful energy.,https://encrypted-tbn0.gstatic.com/images?q=tbn:ANd9GcQCDfiFd8YF7U5gYLvKnZnndA0OukSTvrKMkMZw5UzIhg&s,11 - 15 years,7 - 12 lbs,Short,Low,"{playful,social,friendly,intelligent}"
breed-131,Canyon Cat,United States,"Active, Agile, Curious, Independent",The Canyon Cat is inspired by rugged landscapes and known for its agility and independence.,https://encrypted-tbn0.gstatic.com/images?q=tbn:ANd9GcSXJO_4nauVfoNQrOJv2xgVXBlALnNeOUlKtJMOHvAU3Q&s=10,10 - 14 years,7 - 12 lbs,Short,Low,"{active,agile,curious,independent}"
breed-132,Celestial Rex,France,"Energetic, Playful, Social, Intelligent",The Celestial Rex is a curly‑coated breed with a lively personality and a love for human interaction.,https://encrypted-tbn0.gstatic.com/images?q=tbn:ANd9GcS5I8Izb2NGxt_gp9uTDwutMwLUJVYdx-fZ5rsayXhJRA&s=10,10 - 14 years,6 - 10 lbs,Curly,Low,"{energetic,playful,social,intelligent}"
breed-133,Cloudtail,United Kingdom,"Gentle, Calm, Quiet, Loyal","Cloudtail cats are known for their fluffy coats and peaceful, loyal personalities.",https://encrypted-tbn0.gstatic.com/images?q=tbn:ANd9GcQ2B8jXiS1e9ayjoYu7SjRaSHAV0AC5lNGg961G-RWnyw&s=10,13 - 18 years,8 - 15 lbs,Long,High,"{gentle,calm,quiet,loyal}"
breed-134,Coralpoint,Australia,"Affectionate, Social, Gentle, Calm","The Coralpoint is a color‑point breed with warm coral tones and a gentle, affectionate nature.",https://encrypted-tbn0.gstatic.com/images?q=tbn:ANd9GcRg5Sbh-e5Y6qQKG6OCSoLqYgiGyx8IdxPKRr4tizLOTQ&s=10,12 - 17 years,7 - 12 lbs,Medium,Low,"{affectionate,social,gentle,calm}"
breed-135,Crystal Shorthair,Switzerland,"Intelligent, Calm, Gentle, Loyal",The Crystal Shorthair is a sleek European breed known for its calm temperament and intelligence.,https://encrypted-tbn0.gstatic.com/images?q=tbn:ANd9GcSZH2GTU9wlNrZm6YJER0fEghOjuzcC31RK0HXDQQJQzA&s=10,12 - 16 years,7 - 13 lbs,Short,Low,"{intelligent,calm,gentle,loyal}"
breed-136,Dawnmist,Norway,"Gentle, Quiet, Calm, Intelligent",Dawnmist cats have soft mist‑colored coats and gentle personalities suited for quiet homes.,https://encrypted-tbn0.gstatic.com/images?q=tbn:ANd9GcQpaD0VVYcELF-2po1JkGWCiVc76P5fojbLfpzAtRU4BQ&s,13 - 18 years,8 - 14 lbs,Long,High,"{gentle,quiet,calm,intelligent}"
breed-137,Delta Rex,Greece,"Playful, Energetic, Social, Intelligent",The Delta Rex is a curly‑coated breed with a lively personality and a love for interactive play.,https://encrypted-tbn0.gstatic.com/images?q=tbn:ANd9GcTGOrYX_kOQKcm3guWvldSNpIUUKJnYzfHUhU8-C9Xdtw&s=10,10 - 14 years,6 - 10 lbs,Curly,Low,"{playful,energetic,social,intelligent}"
breed-138,Desert Pearl,Saudi Arabia,"Active, Curious, Agile, Independent",The Desert Pearl is a desert‑adapted breed known for agility and independence.,https://encrypted-tbn0.gstatic.com/images?q=tbn:ANd9GcRFSMFpRHbSprVVcq6U0FqBDK5gQnZbEeGaVTwJ0PACaA&s,10 - 14 years,6 - 10 lbs,Short,Low,"{active,curious,agile,independent}"
breed-139,Driftwood Cat,Canada,"Friendly, Social, Gentle, Calm",The Driftwood Cat is a coastal breed known for its calm demeanor and friendly personality.,https://encrypted-tbn0.gstatic.com/images?q=tbn:ANd9GcT-NpueKLO7AJTOpj00yJ2QJV5Pp5_qT7Gb7zNkLsj2qw&s,12 - 17 years,7 - 13 lbs,Medium,Low,"{friendly,social,gentle,calm}"
breed-140,Echo Shorthair,Germany,"Intelligent, Curious, Social, Playful",The Echo Shorthair is a sleek breed known for its curiosity and strong social bonds.,https://encrypted-tbn0.gstatic.com/images?q=tbn:ANd9GcS9MhPOjOEhXOI5abXW7dcVBe3jPF-loDf08kI8VM_87g&s,11 - 15 years,7 - 12 lbs,Short,Low,"{intelligent,curious,social,playful}"
breed-141,Emberpoint,United States,"Gentle, Calm, Loyal, Quiet",The Emberpoint is a color‑point breed with warm ember tones and a peaceful personality.,https://encrypted-tbn0.gstatic.com/images?q=tbn:ANd9GcTSbPYtMg5M7nmi576ZhVAXZnWxQASPQ1AiFgu7gXDOXw&s=10,12 - 17 years,8 - 14 lbs,Medium,Low,"{gentle,calm,loyal,quiet}"
breed-142,Fable Cat,Ireland,"Gentle, Quiet, Calm, Loyal","The Fable Cat is a mythical‑looking breed with a soft coat and a gentle, loyal personality.",https://encrypted-tbn0.gstatic.com/images?q=tbn:ANd9GcQsVXChfYqYzcE7mHRFcTL39SCNJbJyeL5F3PEV59q9iw&s=10,13 - 18 years,8 - 14 lbs,Long,High,"{gentle,quiet,calm,loyal}"
breed-143,Flare Rex,Italy,"Energetic, Playful, Social, Intelligent",The Flare Rex is a curly‑coated breed with a fiery personality and a love for activity.,https://encrypted-tbn0.gstatic.com/images?q=tbn:ANd9GcS5I8Izb2NGxt_gp9uTDwutMwLUJVYdx-fZ5rsayXhJRA&s=10,10 - 14 years,6 - 10 lbs,Curly,Low,"{energetic,playful,social,intelligent}"
breed-144,Fogtail,United Kingdom,"Gentle, Quiet, Calm, Shy",Fogtail cats have misty gray coats and shy but affectionate personalities.,https://encrypted-tbn0.gstatic.com/images?q=tbn:ANd9GcQpaD0VVYcELF-2po1JkGWCiVc76P5fojbLfpzAtRU4BQ&s=10,13 - 18 years,8 - 14 lbs,Long,High,"{gentle,quiet,calm,shy}"
breed-145,Glacier Cat,Iceland,"Independent, Intelligent, Gentle, Calm",The Glacier Cat is adapted to cold climates and known for its thick coat and quiet personality.,https://encrypted-tbn0.gstatic.com/images?q=tbn:ANd9GcRg5Sbh-e5Y6qQKG6OCSoLqYgiGyx8IdxPKRr4tizLOTQ&s=10,11 - 15 years,7 - 12 lbs,Long,High,"{independent,intelligent,gentle,calm}"
breed-146,Glowpoint,United States,"Affectionate, Calm, Gentle, Quiet",Glowpoint cats have warm glowing point coloration and gentle personalities.,https://encrypted-tbn0.gstatic.com/images?q=tbn:ANd9GcQo8wKYHWqx-oRQ1BN1MDpeKQRC4wsx8PgE-KD6E_6LNQ&s,12 - 17 years,7 - 12 lbs,Medium,Low,"{affectionate,calm,gentle,quiet}"
breed-147,Glowtail,United States,"Affectionate, Calm, Gentle, Quiet",Glowtail cats have warm glowing point coloration and gentle personalities.,https://encrypted-tbn0.gstatic.com/images?q=tbn:ANd9GcQsVXChfYqYzcE7mHRFcTL39SCNJbJyeL5F3PEV59q9iw&s=10,12 - 17 years,7 - 12 lbs,Medium,Low,"{affectionate,calm,gentle,quiet}"
breed-148,Gossamer Rex,United Kingdom,"Energetic, Playful, Social, Intelligent",The Gossamer Rex is a curly‑coated breed with a lively personality and a love for activity.,https://encrypted-tbn0.gstatic.com/images?q=tbn:ANd9GcTGOrYX_kOQKcm3guWvldSNpIUUKJnYzfHUhU8-C9Xdtw&s=10,10 - 14 years,6 - 10 lbs,Curly,Low,"{energetic,playful,social,intelligent}"
breed-149,Horizon Shorthair,Australia,"Playful, Social, Friendly, Intelligent",The Horizon Shorthair is a coastal breed known for its friendly nature and playful energy.,https://encrypted-tbn0.gstatic.com/images?q=tbn:ANd9GcS9MhPOjOEhXOI5abXW7dcVBe3jPF-loDf08kI8VM_87g&s=10,11 - 15 years,7 - 12 lbs,Short,Low,"{playful,social,friendly,intelligent}"
breed-150,Iridescent Cat,Japan,"Gentle, Calm, Loyal, Affectionate",The Iridescent Cat is a soft‑coated breed with a calm demeanor and a strong bond with its family.,https://consumer-cms.petfinder.com/sites/default/files/images/content/Nebelung%20Cat%202.jpg,12 - 17 years,8 - 14 lbs,Long,High,"{gentle,calm,loyal,affectionate}"
breed-151,Jadepoint,China,"Playful, Social, Intelligent, Curious","The Jadepoint is a sleek, short‑coated breed known for its intelligence and playful personality.",https://dbw3zep4prcju.cloudfront.net/animal/c8084bc3-da84-474f-a8ed-ced85b033bde/image/24b46104-dbd2-4b1d-a198-cd8fe5af9acb.jpg,11 - 15 years,7 - 12 lbs,Short,Low,"{playful,social,intelligent,curious}"
